gameID,seasonType
401430475,1
401430476,1
401430477,1
401430478,1
401430479,1
401430480,1
401430481,1
401430482,1
401430483,1
401430484,1
401391650,2
401391651,2
401391652,2
401391653,2
401391654,2
401391655,2
401391656,2
401391658,2
401391657,2
401391659,2
401391660,2
401391661,2
401391662,2
401391663,2
401391664,2
401391665,2
401391666,2
401391667,2
401391668,2
401391669,2
401391670,2
401391671,2
401391672,2
401391673,2
401391674,2
401391675,2
401391676,2
401391677,2
401391678,2
401391679,2
401391680,2
401391681,2
401391682,2
401391683,2
401391684,2
401391685,2
401391686,2
401391687,2
401391688,2
401391689,2
401391690,2
401391691,2
401391692,2
401391693,2
401391694,2
401391695,2
401391696,2
401391697,2
401391698,2
401391699,2
401391700,2
401391701,2
401391702,2
401391703,2
401391704,2
401391705,2
401391706,2
401391707,2
401391708,2
401391709,2
401391710,2
401391711,2
401391712,2
401391713,2
401391714,2
401391715,2
401391716,2
401391717,2
401391718,2
401391719,2
401391720,2
401391721,2
401391722,2
401391723,2
401391724,2
401391725,2
401391726,2
401391727,2
401391728,2
401391729,2
401391730,2
401391731,2
401391732,2
401391733,2
401391734,2
401391735,2
401391736,2
401391737,2
401391738,2
401391739,2
401391740,2
401391741,2
401391743,2
401391742,2
401391744,2
401391745,2
401391746,2
401391747,2
401391748,2
401391749,2
401391750,2
401391751,2
401391752,2
401391753,2
401391754,2
401391755,2
401391756,2
401391757,2
401391758,2
401391759,2
401391760,2
401391761,2
401391762,2
401391763,2
401391764,2
401391765,2
401391766,2
401391767,2
401391768,2
401391769,2
401391770,2
401391771,2
401391772,2
401391773,2
401391774,2
401391776,2
401391775,2
401391777,2
401391778,2
401391779,2
401391780,2
401391781,2
401391782,2
401391783,2
401391784,2
401391785,2
401455978,2
401391786,2
401391787,2
401391788,2
401391789,2
401391790,2
401391791,2
401391792,2
401391793,2
401391794,2
401391795,2
401391796,2
401391797,2
401391798,2
401391799,2
401391800,2
401391801,2
401391802,2
401391803,2
401391804,2
401391805,2
401391806,2
401391807,2
401391808,2
401391809,2
401391810,2
401391811,2
401391812,2
401391813,2
401391814,2
401391815,2
401391816,2
401391817,2
401430112,2
401391818,2
401391819,2
401391820,2
401391821,2
401391822,2
401391823,2
401391824,2
401391825,2
401391826,2
401391827,2
401391828,2
401391829,2
401391830,2
401391831,2
401391832,2
401391833,2
401391834,2
401391835,2
401391836,2
401391837,2
401391838,2
401391839,2
401391840,2
401391841,2
401391842,2
401391843,2
401391844,2
401391845,2
401391846,2
401391847,2
401391848,2
401391849,2
401391850,2
401391851,2
401391852,2
401391853,2
401391854,2
401391855,2
401391856,2
401391857,2
401391858,2
401391859,2
401391860,2
401391861,2
401391862,2
401391864,2
401391863,2
401391865,2
401455627,3
401455628,3
401455629,3
401455650,3
401455651,3
401455652,3
401455653,3
401455654,3
401455656,3
401455657,3
401455658,3
401455659,3
401455660,3
401455661,3
401455671,3
401455674,3
401455675,3
401455676,3
401455677,3
401455678,3
401455679,3
401455680,3
401455681,3
401455682,3
401455683,3
401455684,3
401455685,3
401322870,1
401323518,1
401322871,1
401323519,1
401323520,1
401323454,1
401323455,1
401320565,2
401320566,2
401320567,2
401320568,2
401320569,2
401320570,2
401320571,2
401320572,2
401320573,2
401320574,2
401320575,2
401320576,2
401320577,2
401320578,2
401320579,2
401320580,2
401320581,2
401320582,2
401320583,2
401320584,2
401320585,2
401320586,2
401320588,2
401320587,2
401320589,2
401320590,2
401320591,2
401320592,2
401320593,2
401320594,2
401320595,2
401320596,2
401320597,2
401320598,2
401320599,2
401320600,2
401320601,2
401320602,2
401320604,2
401320603,2
401320605,2
401320606,2
401320607,2
401320608,2
401320609,2
401320610,2
401320611,2
401320612,2
401320613,2
401320614,2
401320615,2
401320616,2
401320619,2
401320617,2
401320618,2
401320620,2
401320621,2
401320622,2
401320623,2
401320624,2
401320625,2
401320626,2
401320627,2
401320628,2
401320629,2
401320630,2
401320631,2
401320632,2
401320633,2
401320634,2
401320635,2
401320636,2
401320637,2
401320638,2
401320639,2
401320640,2
401320641,2
401320642,2
401320643,2
401320644,2
401320645,2
401320646,2
401320647,2
401320648,2
401320649,2
401320650,2
401320651,2
401320652,2
401320654,2
401320655,2
401320653,2
401320656,2
401320657,2
401320658,2
401320659,2
401320660,2
401320661,2
401320662,2
401320663,2
401320665,2
401320666,2
401320667,2
401320664,2
401320668,2
401320669,2
401320670,2
401320671,2
401320672,2
401320673,2
401320674,2
401320675,2
401320676,2
401320677,2
401320678,2
401320679,2
401320680,2
401320681,2
401320682,2
401320683,2
401341447,2
401353913,2
401320684,2
401320685,2
401320686,2
401320687,2
401320688,2
401320689,2
401320690,2
401320691,2
401320692,2
401320693,2
401320694,2
401320695,2
401320696,2
401320697,2
401320698,2
401320699,2
401320700,2
401320701,2
401320702,2
401320703,2
401320704,2
401320705,2
401320706,2
401320707,2
401320708,2
401320709,2
401320710,2
401320711,2
401320712,2
401320713,2
401320714,2
401320715,2
401320716,2
401320717,2
401320718,2
401320719,2
401320720,2
401320721,2
401320722,2
401320723,2
401320724,2
401320725,2
401320726,2
401320727,2
401320728,2
401320729,2
401320730,2
401320731,2
401320732,2
401320733,2
401320734,2
401320735,2
401320736,2
401320737,2
401320738,2
401320739,2
401320740,2
401320741,2
401320742,2
401320743,2
401320744,2
401320745,2
401320746,2
401320747,2
401320748,2
401320749,2
401320750,2
401320751,2
401320752,2
401320753,2
401320754,2
401320755,2
401320756,2
401370430,3
401370431,3
401370433,3
401370432,3
401370434,3
401370435,3
401370436,3
401370437,3
401370439,3
401370438,3
401370441,3
401370440,3
401370442,3
401370395,3
401370396,3
401370397,3
401370398,3
401230733,2
401230734,2
401230735,2
401230461,2
401230462,2
401230463,2
401230464,2
401230465,2
401230466,2
401230467,2
401230468,2
401230469,2
401230470,2
401230471,2
401230472,2
401230753,2
401230754,2
401230755,2
401230756,2
401230757,2
401230758,2
401230759,2
401230760,2
401230761,2
401230762,2
401230763,2
401230764,2
401230765,2
401230766,2
401230767,2
401230768,2
401230769,2
401230770,2
401230771,2
401230772,2
401230773,2
401230774,2
401230775,2
401230776,2
401230779,2
401230777,2
401230778,2
401230780,2
401230781,2
401230782,2
401230784,2
401230783,2
401230785,2
401230786,2
401230787,2
401230788,2
401230789,2
401230790,2
401230791,2
401230792,2
401230793,2
401230794,2
401230797,2
401230795,2
401230796,2
401230822,2
401230821,2
401230820,2
401230823,2
401230824,2
401230825,2
401230798,2
401230826,2
401230827,2
401230799,2
401230828,2
401230800,2
401230829,2
401230830,2
401230831,2
401230801,2
401230832,2
401230833,2
401230834,2
401230835,2
401230836,2
401230837,2
401230838,2
401230839,2
401230840,2
401230802,2
401230803,2
401230804,2
401230841,2
401230842,2
401230843,2
401230844,2
401230845,2
401230807,2
401230806,2
401230805,2
401230846,2
401230847,2
401230808,2
401241306,2
401241307,2
401230848,2
401230849,2
401230850,2
401230851,2
401230809,2
401230852,2
401230810,2
401230811,2
401230812,2
401230853,2
401230854,2
401230813,2
401230855,2
401230814,2
401230815,2
401230856,2
401230857,2
401230858,2
401241308,2
401230859,2
401230860,2
401230861,2
401230862,2
401230863,2
401230816,2
401230864,2
401230865,2
401230866,2
401230867,2
401230868,2
401230869,2
401230817,2
401230819,2
401230818,2
401241309,2
401241310,2
401241311,2
401244169,3
401244170,3
401244171,3
401244172,3
401244173,3
401244174,3
401244176,3
401244175,3
401244178,3
401244177,3
401244179,3
401244180,3
401248413,3
401244183,3
401244184,3
401244185,3
401129933,1
401129934,1
401129935,1
401129936,1
401129937,1
401129938,1
401129939,1
401129940,1
401129941,1
401129942,1
401129943,1
401129944,1
401129945,1
401129946,1
401129947,1
401104913,2
401104914,2
401104915,2
401104916,2
401104917,2
401104918,2
401104919,2
401104920,2
401104921,2
401104922,2
401104923,2
401104924,2
401104925,2
401104926,2
401104927,2
401104928,2
401104929,2
401104930,2
401104931,2
401104932,2
401104933,2
401104934,2
401104935,2
401104936,2
401104937,2
401104938,2
401104939,2
401104940,2
401104941,2
401104942,2
401104943,2
401104944,2
401104945,2
401104946,2
401104947,2
401104948,2
401104949,2
401104950,2
401104951,2
401104952,2
401104953,2
401104954,2
401104955,2
401104956,2
401104957,2
401104958,2
401104959,2
401104960,2
401104961,2
401104962,2
401104963,2
401104964,2
401104965,2
401104966,2
401104967,2
401104968,2
401104969,2
401104970,2
401104971,2
401104972,2
401104973,2
401104974,2
401104975,2
401104976,2
401104977,2
401104978,2
401104979,2
401104980,2
401104981,2
401104982,2
401104983,2
401104984,2
401104985,2
401104986,2
401104987,2
401104988,2
401104989,2
401104990,2
401104992,2
401104993,2
401104994,2
401104995,2
401104996,2
401104997,2
401104998,2
401104999,2
401105000,2
401105001,2
401105002,2
401105003,2
401105004,2
401105005,2
401105006,2
401105007,2
401105008,2
401105009,2
401105010,2
401105011,2
401105012,2
401105013,2
401105014,2
401105015,2
401105016,2
401105017,2
401105018,2
401105019,2
401105020,2
401105021,2
401105022,2
401105023,2
401105024,2
401105025,2
401105026,2
401105027,2
401105028,2
401105029,2
401151757,2
401105030,2
401105031,2
401105032,2
401105033,2
401105034,2
401105035,2
401105036,2
401105037,2
401105038,2
401105039,2
401105040,2
401105041,2
401105042,2
401105043,2
401156333,2
401105044,2
401105045,2
401105046,2
401105047,2
401105048,2
401105049,2
401105050,2
401105051,2
401105052,2
401105053,2
401105054,2
401105055,2
401105056,2
401105057,2
401105058,2
401105059,2
401105060,2
401105061,2
401105062,2
401105063,2
401105064,2
401105065,2
401105066,2
401105067,2
401105068,2
401105069,2
401105070,2
401105071,2
401105072,2
401105073,2
401105074,2
401105075,2
401105076,2
401105077,2
401105078,2
401105079,2
401105080,2
401105081,2
401105082,2
401105083,2
401105084,2
401105085,2
401105086,2
401105087,2
401105088,2
401105089,2
401105090,2
401105091,2
401105092,2
401105094,2
401105093,2
401105095,2
401105096,2
401105097,2
401105098,2
401105099,2
401105100,2
401105101,2
401105102,2
401105103,2
401105104,2
401105105,2
401105106,2
401105107,2
401105109,2
401105108,2
401105110,2
401105111,2
401105112,2
401105113,2
401105114,2
401105115,2
401105116,2
401165793,3
401165794,3
401165795,3
401165796,3
401165802,3
401165797,3
401165803,3
401165798,3
401165887,3
401165892,3
401165888,3
401165807,3
401165808,3
401165809,3
401165810,3
401165811,3
401031052,1
401031051,1
401031050,1
401031053,1
401031054,1
401031055,1
401031056,1
401031057,1
401031058,1
401031059,1
401031060,1
401031061,1
401031062,1
401031063,1
401031064,1
401018781,2
401018782,2
401018783,2
401018784,2
401018785,2
401018786,2
401018787,2
401018788,2
401018789,2
401018790,2
401018791,2
401018792,2
401018793,2
401018794,2
401018795,2
401018796,2
401018797,2
401018798,2
401018799,2
401018800,2
401018801,2
401018802,2
401018803,2
401018804,2
401018805,2
401018806,2
401018807,2
401018808,2
401018809,2
401018810,2
401018811,2
401018812,2
401018813,2
401018814,2
401018815,2
401018816,2
401018817,2
401018818,2
401018820,2
401018819,2
401018821,2
401018824,2
401018822,2
401018823,2
401018825,2
401018826,2
401018827,2
401018828,2
401018829,2
401018830,2
401018831,2
401018832,2
401018833,2
401018834,2
401018835,2
401018836,2
401018837,2
401018838,2
401018839,2
401018840,2
401018841,2
401018842,2
401018843,2
401018844,2
401018845,2
401018846,2
401018847,2
401018848,2
401018849,2
401018850,2
401018851,2
401018852,2
401018853,2
401018854,2
401018855,2
401018856,2
401018857,2
401018858,2
401018859,2
401018860,2
401018861,2
401018862,2
401018863,2
401018864,2
401018865,2
401018866,2
401018867,2
401018868,2
401018869,2
401018870,2
401018871,2
401018872,2
401018873,2
401018874,2
401018875,2
401018876,2
401018877,2
401018878,2
401018879,2
401018880,2
401018881,2
401018882,2
401018883,2
401018884,2
401018885,2
401018886,2
401018887,2
401018888,2
401018889,2
401018890,2
401018891,2
401018892,2
401018893,2
401018894,2
401018895,2
401018896,2
401018897,2
401018898,2
401018899,2
401018900,2
401018901,2
401018902,2
401018903,2
401018904,2
401018905,2
401018906,2
401018907,2
401018908,2
401018909,2
401018910,2
401018911,2
401018912,2
401018913,2
401018914,2
401018915,2
401018916,2
401018917,2
401018918,2
401018919,2
401018920,2
401018921,2
401018922,2
401018923,2
401018924,2
401018925,2
401018926,2
401018927,2
401018928,2
401018929,2
401018930,2
401018931,2
401018932,2
401018933,2
401066195,2
401018934,2
401018935,2
401018936,2
401018937,2
401018938,2
401018939,2
401018940,2
401018941,2
401018942,2
401018943,2
401018944,2
401018945,2
401018946,2
401018947,2
401018948,2
401018949,2
401018950,2
401018951,2
401018952,2
401018953,2
401018954,2
401018955,2
401018956,2
401018957,2
401018958,2
401018959,2
401018960,2
401018961,2
401018962,2
401018963,2
401018964,2
401018965,2
401018966,2
401018967,2
401018968,2
401018969,2
401018970,2
401018971,2
401018972,2
401018973,2
401018974,2
401018975,2
401018976,2
401018977,2
401018978,2
401018979,2
401018980,2
401018981,2
401018982,2
401018983,2
401018984,2
401074453,3
401074454,3
401074455,3
401074456,3
401074459,3
401074457,3
401074460,3
401074458,3
401074473,3
401074461,3
401074462,3
401074463,3
401074465,3
401074464,3
401079693,3
401079694,3
401079695,3
400949826,1
400949827,1
400949828,1
400949829,1
400949830,1
400949831,1
400949832,1
400949808,1
400949809,1
400949810,1
400949811,1
400949812,1
400949813,1
400927392,2
400927393,2
400927394,2
400927395,2
400927396,2
400927397,2
400927398,2
400927399,2
400927400,2
400927401,2
400927402,2
400927403,2
400927404,2
400927405,2
400927406,2
400927407,2
400927408,2
400927409,2
400927410,2
400927411,2
400927412,2
400927413,2
400927414,2
400927415,2
400927416,2
400927417,2
400927418,2
400927419,2
400927420,2
400927421,2
400927422,2
400927423,2
400927424,2
400927425,2
400927426,2
400927427,2
400927428,2
400927429,2
400927430,2
400927431,2
400927432,2
400927433,2
400927434,2
400927435,2
400927436,2
400927437,2
400927438,2
400927439,2
400927440,2
400927441,2
400927442,2
400927443,2
400927444,2
400927445,2
400927446,2
400927447,2
400927448,2
400927449,2
400927450,2
400927451,2
400927452,2
400927453,2
400927454,2
400927455,2
400927456,2
400927457,2
400927458,2
400927459,2
400927460,2
400927461,2
400927462,2
400927463,2
400927464,2
400927465,2
400927466,2
400927467,2
400927468,2
400927469,2
400927470,2
400927471,2
400927472,2
400927473,2
400927474,2
400927475,2
400927476,2
400927477,2
400927478,2
400927479,2
400927480,2
400927481,2
400927482,2
400927483,2
400927484,2
400927485,2
400927486,2
400927487,2
400927488,2
400927489,2
400927490,2
400927491,2
400927492,2
400927493,2
400927494,2
400927495,2
400927496,2
400927497,2
400927498,2
400927499,2
400927500,2
400927501,2
400927502,2
400927503,2
400927504,2
400927505,2
400927506,2
400927507,2
400927508,2
400927509,2
400927510,2
400927511,2
400927512,2
400927513,2
400968106,2
400927514,2
400927515,2
400927516,2
400927517,2
400927518,2
400927519,2
400927520,2
400927521,2
400927522,2
400927523,2
400927524,2
400927525,2
400927526,2
400927527,2
400927528,2
400927529,2
400927530,2
400927531,2
400927532,2
400927533,2
400927534,2
400927535,2
400927536,2
400927537,2
400927538,2
400927539,2
400927540,2
400927541,2
400927542,2
400927543,2
400927544,2
400927545,2
400927546,2
400927547,2
400927548,2
400927549,2
400927550,2
400927551,2
400927552,2
400927553,2
400927554,2
400927555,2
400927556,2
400927557,2
400927558,2
400927559,2
400927560,2
400927561,2
400927562,2
400927563,2
400927564,2
400927565,2
400927566,2
400927567,2
400927568,2
400927569,2
400927570,2
400927571,2
400927572,2
400927573,2
400927574,2
400927575,2
400927577,2
400927576,2
400927578,2
400927579,2
400927580,2
400927581,2
400927582,2
400973288,2
400927583,2
400927584,2
400927585,2
400927586,2
400927587,2
400927588,2
400927589,2
400927590,2
400927591,2
400927592,2
400927593,2
400927595,2
400927594,2
400981090,3
400981091,3
400981092,3
400981093,3
400981094,3
400981099,3
400981095,3
400981100,3
400981096,3
400981101,3
400981428,3
400981429,3
400981430,3
400981431,3
400981432,3
400875517,1
400875518,1
400875519,1
400875520,1
400875521,1
400875522,1
400875523,1
400875524,1
400875525,1
400875526,1
400875527,1
400875531,1
400875528,1
400875529,1
400875530,1
400864357,2
400864359,2
400864361,2
400864370,2
400864373,2
400864378,2
400864381,2
400864384,2
400864387,2
400864389,2
400864393,2
400864397,2
400864400,2
400864403,2
400864405,2
400864429,2
400864432,2
400864437,2
400864439,2
400864442,2
400864444,2
400864447,2
400864450,2
400864452,2
400864455,2
400864458,2
400864459,2
400864463,2
400864465,2
400864466,2
400864469,2
400864472,2
400864474,2
400864362,2
400864374,2
400864382,2
400864388,2
400864390,2
400864396,2
400864401,2
400864406,2
400864430,2
400864441,2
400864445,2
400864448,2
400864453,2
400864461,2
400864464,2
400864467,2
400864471,2
400864475,2
400864477,2
400864479,2
400864482,2
400864484,2
400864487,2
400864489,2
400864494,2
400864496,2
400864497,2
400864498,2
400864499,2
400864500,2
400864501,2
400864502,2
400864503,2
400864504,2
400864505,2
400864506,2
400864507,2
400864528,2
400864529,2
400864530,2
400864531,2
400864532,2
400864533,2
400864534,2
400864536,2
400864537,2
400864538,2
400864539,2
400864540,2
400864541,2
400864542,2
400864543,2
400864544,2
400864545,2
400864546,2
400864547,2
400864548,2
400864549,2
400864550,2
400864551,2
400864552,2
400864553,2
400864554,2
400864355,2
400864356,2
400864358,2
400864360,2
400864363,2
400864365,2
400864366,2
400864368,2
400864371,2
400864375,2
400864377,2
400864380,2
400864383,2
400864385,2
400864392,2
400864398,2
400864395,2
400864399,2
400864402,2
400864404,2
400864407,2
400864431,2
400864434,2
400864435,2
400864438,2
400864443,2
400864446,2
400864449,2
400864451,2
400864454,2
400864456,2
400864457,2
400864460,2
400864462,2
400864468,2
400864470,2
400864473,2
400864476,2
400864478,2
400864480,2
400864481,2
400864483,2
400864485,2
400864486,2
400864488,2
400864490,2
400864491,2
400864492,2
400864493,2
400864495,2
400864364,2
400864367,2
400864369,2
400864372,2
400864376,2
400864379,2
400864386,2
400864391,2
400864394,2
400864535,2
400864428,2
400864433,2
400864436,2
400864440,2
400864342,2
400864343,2
400864344,2
400864345,2
400864346,2
400864347,2
400864408,2
400864409,2
400864410,2
400864411,2
400864412,2
400864413,2
400864414,2
400864415,2
400864416,2
400864417,2
400864418,2
400864419,2
400864420,2
400864421,2
400864422,2
400864423,2
400864424,2
400864425,2
400864426,2
400864427,2
400864508,2
400864509,2
400864510,2
400864511,2
400864512,2
400864513,2
400864514,2
400864515,2
400864516,2
400864517,2
400864518,2
400864519,2
400864520,2
400864521,2
400864522,2
400864523,2
400864524,2
400864525,2
400910430,3
400910431,3
400910450,3
400910451,3
400910452,3
400910457,3
400910453,3
400910458,3
400910459,3
400910454,3
400910460,3
400920400,3
400920461,3
400920462,3
400920463,3
400920464,3
400787433,1
400787434,1
400787435,1
400787436,1
400787437,1
400787438,1
400787439,1
400787440,1
400787561,1
400787562,1
400787563,1
400787564,1
400787565,1
400787566,1
400787567,1
400610636,2
400610637,2
400610638,2
400610639,2
400610640,2
400610641,2
400610642,2
400610643,2
400610644,2
400610645,2
400610646,2
400610647,2
400610648,2
400610649,2
400610650,2
400610651,2
400610652,2
400610653,2
400610654,2
400610655,2
400610656,2
400610657,2
400610658,2
400610659,2
400610660,2
400610661,2
400610662,2
400610663,2
400610664,2
400610665,2
400610666,2
400610667,2
400610668,2
400610669,2
400610670,2
400610671,2
400610672,2
400610673,2
400610674,2
400610675,2
400610676,2
400610677,2
400610678,2
400610679,2
400610680,2
400610681,2
400610682,2
400610683,2
400610684,2
400610685,2
400610686,2
400610687,2
400610688,2
400610689,2
400610690,2
400610691,2
400610692,2
400610693,2
400610694,2
400610695,2
400610696,2
400610697,2
400610698,2
400610699,2
400610700,2
400610701,2
400610702,2
400610703,2
400610704,2
400610705,2
400610706,2
400610707,2
400610708,2
400610709,2
400610710,2
400610711,2
400610712,2
400610713,2
400610714,2
400610715,2
400610716,2
400610717,2
400610718,2
400610719,2
400610720,2
400610721,2
400610722,2
400610723,2
400610724,2
400610725,2
400610726,2
400610727,2
400610728,2
400610729,2
400610730,2
400610731,2
400610733,2
400610732,2
400610734,2
400610735,2
400765572,2
400821141,2
400610736,2
400610737,2
400610738,2
400610739,2
400610740,2
400610741,2
400610742,2
400610743,2
400610744,2
400610745,2
400610746,2
400610747,2
400610748,2
400610749,2
400610750,2
400610751,2
400610752,2
400610753,2
400610754,2
400610755,2
400610756,2
400610757,2
400610758,2
400610759,2
400610760,2
400610761,2
400610762,2
400610763,2
400610764,2
400610765,2
400610766,2
400610767,2
400610768,2
400610769,2
400610770,2
400610771,2
400610772,2
400610773,2
400610774,2
400610775,2
400610776,2
400610777,2
400610778,2
400610779,2
400610780,2
400610781,2
400610782,2
400610783,2
400610784,2
400610785,2
400610786,2
400610787,2
400610788,2
400610789,2
400610790,2
400610791,2
400610792,2
400610793,2
400610794,2
400610795,2
400610796,2
400610797,2
400610798,2
400610799,2
400610800,2
400610801,2
400610802,2
400610803,2
400610804,2
400610805,2
400610806,2
400610807,2
400610808,2
400610809,2
400610810,2
400610811,2
400610812,2
400610813,2
400610814,2
400610815,2
400610816,2
400610817,2
400610818,2
400610819,2
400610820,2
400610821,2
400610822,2
400610823,2
400610824,2
400610825,2
400610826,2
400610827,2
400610828,2
400610829,2
400610830,2
400610831,2
400610832,2
400610833,2
400610834,2
400610835,2
400610836,2
400610837,2
400610838,2
400610839,2
400839633,3
400839118,3
400839630,3
400838810,3
400839634,3
400839119,3
400839631,3
400838811,3
400839635,3
400839632,3
400838812,3
400844305,3
400844348,3
400844306,3
400844349,3
400844307,3
400847195,3
400847196,3
400847197,3
400847198,3
400847199,3
400549570,1
400549571,1
400549573,1
400549594,1
400549572,1
400549595,1
400549596,1
400554794,1
400554795,1
400549578,1
400557654,1
400557655,1
400549615,1
400549614,1
400555515,1
400549579,1
400539461,2
400539462,2
400539463,2
400539464,2
400539465,2
400539466,2
400539467,2
400539468,2
400539469,2
400539470,2
400539471,2
400539472,2
400539473,2
400539474,2
400539475,2
400539476,2
400539477,2
400539478,2
400539479,2
400539480,2
400539481,2
400539482,2
400539483,2
400539484,2
400539485,2
400539486,2
400539487,2
400539488,2
400539489,2
400539490,2
400539491,2
400539492,2
400539493,2
400539494,2
400539495,2
400539496,2
400539497,2
400539498,2
400539499,2
400539500,2
400539501,2
400539502,2
400539503,2
400539504,2
400539505,2
400539506,2
400539507,2
400539508,2
400539509,2
400539510,2
400539511,2
400539512,2
400539513,2
400539514,2
400539515,2
400539516,2
400539517,2
400539518,2
400539519,2
400539520,2
400539521,2
400539522,2
400539523,2
400539524,2
400539525,2
400539526,2
400539527,2
400539528,2
400539529,2
400539530,2
400539531,2
400539532,2
400539533,2
400539534,2
400539535,2
400539536,2
400539537,2
400539538,2
400539539,2
400539540,2
400539541,2
400539542,2
400539543,2
400539544,2
400539545,2
400539546,2
400539547,2
400539548,2
400539549,2
400539550,2
400539551,2
400539552,2
400539553,2
400539554,2
400539555,2
400539556,2
400539557,2
400539558,2
400539559,2
400539560,2
400539561,2
400539562,2
400539563,2
400539564,2
400539565,2
400539566,2
400539567,2
400539568,2
400539569,2
400539570,2
400539571,2
400539572,2
400539573,2
400539574,2
400539575,2
400539576,2
400539577,2
400539578,2
400539579,2
400539580,2
400539581,2
400539582,2
400539583,2
400539584,2
400539585,2
400539586,2
400539587,2
400539588,2
400539589,2
400539590,2
400539591,2
400539592,2
400539593,2
400539594,2
400539595,2
400562214,2
400539596,2
400539597,2
400539599,2
400539598,2
400539600,2
400539601,2
400539602,2
400539603,2
400539604,2
400539605,2
400539606,2
400539609,2
400539607,2
400539608,2
400539610,2
400539611,2
400539612,2
400539613,2
400539614,2
400539615,2
400539616,2
400539617,2
400539618,2
400539619,2
400539620,2
400539621,2
400539622,2
400539623,2
400539624,2
400539625,2
400539626,2
400539627,2
400539628,2
400539629,2
400539630,2
400539631,2
400539632,2
400539633,2
400539634,2
400539635,2
400539636,2
400539637,2
400539638,2
400539639,2
400539640,2
400539641,2
400539642,2
400539644,2
400539643,2
400539645,2
400539646,2
400539647,2
400539648,2
400539649,2
400539650,2
400539651,2
400539652,2
400539653,2
400539654,2
400539655,2
400539656,2
400539657,2
400539658,2
400544875,2
400539659,2
400539660,2
400539661,2
400539662,2
400539664,2
400580070,3
400578287,3
400580067,3
400578290,3
400580071,3
400578288,3
400580068,3
400578291,3
400580069,3
400581627,3
400581821,3
400581628,3
400581822,3
400581629,3
400581823,3
400582773,3
400582774,3
400582775,3
400456950,1
400456949,1
400456951,1
400456952,1
400456960,1
400456961,1
400456953,1
400456959,1
400456954,1
400456955,1
400456956,1
400456957,1
400456962,1
400456958,1
400445705,2
400445707,2
400445711,2
400445715,2
400445718,2
400445722,2
400445726,2
400445728,2
400445731,2
400445734,2
400445756,2
400445760,2
400445764,2
400445766,2
400445777,2
400445780,2
400445783,2
400445787,2
400445788,2
400445790,2
400445792,2
400445794,2
400445797,2
400445807,2
400445810,2
400445815,2
400445818,2
400445823,2
400445826,2
400445831,2
400445835,2
400445841,2
400445843,2
400445847,2
400445852,2
400445854,2
400445879,2
400445882,2
400445884,2
400445697,2
400445698,2
400445699,2
400445701,2
400445703,2
400445709,2
400445714,2
400445717,2
400445721,2
400445723,2
400445729,2
400445733,2
400445757,2
400445759,2
400445762,2
400445767,2
400445769,2
400445771,2
400445772,2
400445776,2
400445781,2
400445784,2
400445798,2
400445795,2
400445801,2
400445805,2
400445809,2
400445813,2
400445816,2
400445819,2
400445824,2
400445828,2
400445832,2
400445836,2
400445839,2
400445845,2
400445849,2
400445853,2
400445877,2
400445881,2
400445700,2
400445706,2
400445710,2
400445712,2
400445716,2
400445720,2
400445724,2
400445727,2
400445732,2
400445761,2
400445765,2
400445773,2
400445775,2
400445779,2
400445782,2
400445785,2
400445789,2
400445791,2
400445796,2
400445799,2
400445802,2
400445804,2
400445806,2
400445811,2
400445812,2
400445817,2
400470769,2
400445821,2
400445822,2
400445825,2
400445829,2
400445830,2
400445834,2
400445837,2
400445840,2
400445842,2
400445846,2
400445848,2
400445851,2
400445875,2
400445878,2
400445735,2
400445736,2
400445737,2
400445738,2
400445739,2
400445740,2
400445741,2
400445742,2
400445743,2
400445744,2
400445745,2
400445746,2
400445747,2
400445748,2
400445749,2
400445750,2
400445751,2
400445752,2
400445753,2
400445754,2
400445855,2
400445856,2
400445857,2
400445858,2
400445859,2
400445860,2
400445861,2
400445862,2
400445863,2
400445864,2
400445865,2
400445866,2
400445867,2
400445868,2
400445869,2
400445870,2
400445871,2
400445872,2
400445873,2
400445874,2
400445702,2
400445704,2
400445708,2
400445713,2
400445719,2
400445725,2
400445730,2
400445755,2
400445758,2
400445763,2
400445768,2
400445770,2
400445774,2
400445778,2
400445786,2
400445793,2
400445800,2
400445803,2
400445808,2
400445814,2
400445820,2
400445827,2
400445833,2
400445838,2
400445844,2
400445850,2
400445876,2
400445880,2
400445883,2
400445885,2
400445886,2
400445887,2
400445888,2
400445889,2
400445890,2
400445891,2
400445892,2
400445893,2
400445894,2
400445895,2
400445896,2
400445897,2
400445900,2
400445898,2
400445899,2
400496774,3
400496777,3
400496780,3
400496783,3
400496775,3
400496778,3
400496781,3
400496784,3
400496776,3
400496779,3
400499743,3
400499746,3
400499744,3
400499747,3
400505694,3
400505695,3
400505696,3
320505020,1
320505006,1
320505017,1
320507018,1
320508011,1
320509005,1
320510018,1
320510019,1
320510006,1
320511003,1
320513014,1
320514009,1
320514016,1
320515008,1
320518014,2
320519009,2
320519005,2
320519016,2
320519003,2
320520008,2
320520018,2
320522009,2
320522003,2
320522006,2
320524008,2
320525018,2
320525020,2
320525019,2
320526016,2
320526011,2
320527020,2
320527008,2
320529006,2
320530016,2
320530017,2
320531020,2
320601018,2
320601017,2
320601019,2
320601014,2
320602005,2
320602020,2
320603018,2
320603009,2
320603011,2
320603008,2
320603006,2
320605009,2
320606008,2
320608005,2
320608016,2
320608020,2
320608019,2
320608006,2
320609003,2
320609017,2
320610009,2
320610018,2
320613018,2
320613019,2
320615016,2
320615018,2
320615020,2
320615003,2
320615011,2
320616005,2
320616017,2
320617020,2
320617003,2
320617014,2
320618006,2
320619018,2
320619020,2
320620011,2
320620006,2
320621005,2
320621008,2
320622014,2
320623008,2
320623003,2
320623011,2
320624009,2
320624014,2
320624006,2
320626020,2
320626016,2
320626003,2
320627019,2
320627008,2
320628017,2
320629016,2
320629003,2
320629019,2
320630009,2
320701017,2
320701016,2
320701018,2
320701019,2
320703017,2
320705006,2
320705005,2
320706016,2
320706003,2
320706019,2
320707005,2
320707008,2
320707006,2
320707011,2
320708003,2
320708009,2
320708006,2
320708014,2
320710016,2
320710005,2
320710003,2
320710011,2
320711019,2
320711014,2
320711018,2
320712008,2
320712005,2
320713009,2
320713017,2
320713019,2
320713011,2
320816005,2
320816009,2
320816014,2
320817003,2
320817008,2
320817019,2
320818005,2
320818018,2
320818014,2
320819016,2
320819011,2
320819008,2
320821018,2
320821017,2
320821019,2
320821014,2
320821006,2
320822020,2
320823011,2
320823014,2
320823006,2
320824016,2
320824003,2
320825020,2
320825017,2
320825011,2
320825006,2
320826018,2
320826014,2
320828005,2
320828020,2
320828008,2
320828019,2
320830009,2
320830020,2
320830003,2
320830017,2
320830014,2
320831008,2
320901009,2
320901005,2
320901011,2
320902020,2
320902019,2
320904016,2
320904008,2
320905009,2
320905020,2
320906014,2
320907016,2
320907018,2
320907009,2
320907008,2
320907017,2
320908003,2
320909017,2
320909020,2
320909009,2
320909018,2
320909005,2
320911020,2
320911019,2
320912005,2
320912009,2
320912003,2
320912011,2
320913006,2
320914005,2
320914016,2
320914017,2
320914011,2
320914006,2
320916017,2
320916016,2
320916011,2
320916014,2
320917008,2
320918017,2
320918014,2
320918006,2
320919018,2
320920003,2
320920019,2
320920006,2
320921016,2
320921011,2
320921014,2
320922009,2
320922019,2
320923011,2
320923017,2
320923005,2
320923018,2
400409181,3
400407861,3
400409184,3
400407862,3
400407863,3
400409182,3
400409185,3
400407864,3
400409186,3
400407866,3
400421429,3
400421426,3
400421430,3
400421427,3
400421428,3
400425929,3
400425930,3
400425931,3
400425932,3
310519018,1
310523019,1
310524008,1
310524011,1
310525009,1
310525006,1
310525018,1
310526016,1
310527018,1
310527021,1
310528006,1
310529024,1
310529014,1
310531005,1
310603006,2
310604014,2
310604005,2
310604018,2
400182104,2
310604017,2
310605020,2
310605008,2
310607008,2
310609020,2
310609014,2
310610005,2
310610003,2
310610019,2
310610006,2
310611009,2
310611016,2
310611017,2
310612018,2
310614005,2
310614009,2
310616016,2
310617008,2
310617019,2
310617011,2
310617014,2
310618003,2
310619018,2
310619020,2
310619011,2
310619006,2
310621020,2
310621016,2
310621003,2
310621017,2
310621006,2
310623003,2
310623019,2
310624020,2
310624017,2
310624014,2
310625005,2
310625019,2
310626020,2
310626009,2
310626016,2
310626008,2
310628005,2
310628018,2
310628019,2
310630020,2
310630003,2
310701009,2
310701018,2
310701011,2
310703016,2
310705005,2
310705019,2
310705011,2
310708003,2
310708017,2
310709005,2
310709008,2
310709019,2
310709014,2
310710009,2
310710011,2
310712014,2
310712017,2
310713009,2
310713019,2
310713005,2
310713008,2
310714017,2
310715005,2
310715009,2
310715003,2
310715011,2
310716020,2
310716008,2
310717009,2
310717018,2
310717006,2
310718006,2
310719020,2
310719019,2
310719018,2
310720016,2
310720011,2
310721005,2
310721014,2
310723099,2
310726016,2
310726003,2
310726008,2
310726019,2
310726011,2
310728017,2
310728009,2
310728020,2
310728018,2
310728003,2
310729016,2
310729008,2
310730009,2
310730003,2
310730019,2
310731017,2
310731018,2
310731005,2
310802020,2
310802008,2
310802014,2
310803006,2
310804009,2
310804008,2
310805003,2
310805014,2
310806016,2
310806017,2
310807020,2
310807011,2
310807019,2
310807006,2
310809005,2
310809016,2
310809018,2
310809009,2
310809011,2
310809006,2
310811018,2
310811011,2
310811014,2
310812016,2
310812019,2
310812006,2
310813005,2
310813018,2
310813014,2
310814017,2
310814008,2
310816009,2
310816018,2
310816017,2
310816011,2
310816006,2
310818009,2
310818016,2
310818006,2
310819020,2
310820016,2
310820008,2
310820011,2
310820014,2
310821018,2
310821005,2
310821003,2
310823016,2
310823003,2
310823019,2
310823011,2
310823014,2
310825014,2
310826018,2
310826008,2
310826019,2
310826006,2
310827005,2
310828017,2
310828003,2
310828016,2
310828019,2
310828014,2
310830009,2
310830020,2
310830003,2
310830008,2
310830017,2
310830006,2
310901016,2
310901017,2
310902018,2
310902020,2
310902003,2
310902008,2
310903017,2
310903011,2
310904020,2
310904009,2
310904016,2
310904019,2
310906020,2
310906006,2
310907005,2
310908008,2
310908011,2
310909009,2
310909014,2
310909006,2
310910017,2
310910006,2
310911018,2
310911005,2
310911011,2
310911003,2
310911014,2
310915005,3
310915014,3
310916018,3
310916008,3
310917009,3
310917011,3
310918020,3
310918017,3
310919005,3
310919014,3
310920008,3
310922005,3
310922008,3
310925020,3
310925011,3
310927005,3
311002008,3
311005008,3
311007020,3
300430008,1
300501006,1
300502014,1
300504018,1
300504017,1
300505016,1
300506019,1
300507005,1
300507018,1
300508006,1
300508011,1
300509003,1
300509020,1
300510019,1
300511009,1
300515011,2
300515018,2
300515005,2
300515003,2
300515017,2
300516009,2
300516008,2
300516020,2
300516014,2
300519014,2
300520003,2
300521016,2
300521020,2
300522017,2
300522019,2
300522011,2
300523018,2
300523009,2
300523005,2
300523008,2
300525003,2
300525014,2
300527018,2
300527019,2
300528017,2
300528011,2
300528006,2
300529003,2
300529008,2
300530017,2
300530016,2
300530006,2
300601008,2
300601014,2
300603005,2
300604020,2
300604018,2
300604003,2
300604011,2
300605005,2
300605016,2
300605019,2
300605006,2
300606018,2
300606008,2
300606014,2
300608019,2
300608006,2
300610011,2
300611009,2
300611018,2
300611017,2
300611019,2
300611014,2
300612016,2
300612011,2
300613006,2
300613020,2
300613005,2
300615019,2
300617005,2
300618009,2
300618008,2
300618011,2
300618006,2
300619005,2
300619016,2
300619003,2
300620011,2
300620014,2
300622009,2
300622018,2
300623020,2
300624016,2
300625018,2
300625003,2
300625019,2
300625014,2
300626017,2
300627020,2
300627003,2
300627009,2
300627016,2
300627019,2
300629016,2
300629020,2
300629003,2
300629014,2
300629006,2
300701020,2
300701019,2
300701011,2
300701006,2
300703006,2
300703020,2
300703003,2
300703011,2
300706014,2
300706017,2
300706019,2
300706006,2
300707020,2
300708005,2
300708008,2
300710096,2
300711009,2
300713003,2
300714019,2
300714005,2
300714008,2
300714011,2
300715009,2
300716005,2
300716017,2
300716019,2
300717008,2
300717018,2
300717011,2
300718017,2
300718009,2
300718016,2
300720017,2
300720006,2
300720018,2
300721016,2
300722005,2
300722003,2
300722008,2
300723019,2
300724016,2
300724018,2
300724008,2
300724017,2
300725020,2
300725014,2
300727003,2
300727005,2
300727009,2
300727018,2
300727008,2
300727014,2
300729016,2
300729011,2
300730005,2
300730009,2
300730018,2
300730003,2
300730014,2
300801020,2
300801009,2
300801016,2
300801011,2
300801008,2
300803005,2
300803020,2
300803003,2
300803008,2
300803017,2
300804006,2
300805014,2
300806005,2
300806009,2
300806011,2
300806006,2
300807019,2
300807014,2
300808018,2
300808011,2
300808008,2
300808006,2
300810016,2
300810020,2
300810017,2
300810019,2
300810006,2
300812008,2
300813005,2
300813016,2
300813020,2
300813018,2
300813017,2
300814009,2
300814003,2
300814019,2
300815016,2
300815018,2
300815008,2
300817020,2
300817009,2
300817018,2
300817017,2
300817014,2
300817006,2
300819009,2
300820016,2
300820017,2
300820019,2
300820011,2
300820006,2
300821003,2
300821014,2
300822017,2
300822020,2
300822009,2
300822005,2
300825016,3
300825014,3
300826009,3
300826011,3
300827020,3
300828017,3
300828006,3
300829005,3
300901009,3
300902014,3
300905011,3
300905009,3
300907020,3
300912014,3
300914014,3
300916020,3
290521009,1
290521014,1
290522018,1
290522019,1
290523008,1
290527003,1
290527013,1
290527020,1
290528016,1
290528005,1
290530003,1
290530011,1
290531018,1
290602017,1
290606006,2
290606013,2
290606018,2
290606020,2
290606008,2
290606011,2
290607009,2
290607016,2
290607005,2
290607014,2
290608003,2
290609005,2
290610003,2
290610008,2
290610011,2
290612005,2
290612008,2
290612019,2
290612013,2
290613017,2
290613011,2
290614018,2
290614019,2
290616019,2
290616013,2
290617011,2
290619018,2
290619003,2
290619009,2
290619020,2
290619011,2
290619014,2
290620016,2
290621018,2
290621020,2
290621005,2
290621011,2
290621006,2
290623020,2
290623017,2
290623008,2
290625016,2
290626009,2
290626020,2
290626017,2
290626014,2
290627005,2
290627018,2
290627008,2
290627019,2
290628003,2
290628006,2
290630020,2
290630017,2
290630019,2
290701011,2
290702005,2
290702009,2
290702008,2
290703020,2
290703017,2
290705003,2
290705005,2
290705006,2
290707014,2
290707020,2
290707008,2
290707013,2
290708011,2
290709009,2
290709014,2
290710008,2
290710019,2
290711016,2
290711018,2
290711009,2
290711013,2
290712017,2
290712014,2
290714018,2
290715016,2
290715005,2
290715008,2
290715011,2
290715014,2
290717005,2
290717017,2
290717013,2
290718016,2
290718011,2
290719018,2
290719009,2
290719019,2
290719014,2
290719013,2
290721016,2
290722003,2
290722019,2
290722018,2
290722011,2
290722014,2
290723017,2
290723016,2
290723009,2
290725098,2
290726009,2
290726016,2
290728005,2
290728018,2
290728008,2
290728017,2
290729019,2
290730013,2
290730005,2
290730009,2
290730020,2
290731003,2
290801020,2
290801008,2
290801019,2
290801013,2
290801014,2
290802016,2
290802003,2
290804006,2
290804003,2
290804014,2
290805005,2
290806017,2
290806006,2
290807016,2
290807008,2
290807013,2
290808020,2
290808011,2
290808014,2
290809018,2
290809003,2
290809008,2
290810006,2
290811016,2
290811017,2
290811006,2
290813018,2
290813020,2
290813008,2
290813011,2
290814016,2
290814009,2
290814006,2
290815005,2
290815020,2
290815017,2
290815019,2
290815013,2
290816016,2
290818003,2
290818019,2
290818006,2
290819018,2
290819006,2
290820020,2
290820013,2
290821009,2
290821017,2
290821011,2
290822018,2
290822019,2
290822013,2
290822014,2
290823020,2
290823009,2
290823003,2
290825018,2
290825020,2
290825006,2
290825014,2
290827005,2
290827003,2
290827014,2
290827006,2
290828008,2
290828019,2
290829017,2
290829005,2
290829011,2
290829014,2
290830009,2
290830016,2
290830006,2
290901003,2
290901009,2
290901017,2
290901013,2
290901006,2
290902005,2
290903016,2
290904018,2
290904003,2
290904019,2
290904013,2
290905008,2
290905017,2
290905011,2
290906005,2
290906003,2
290908009,2
290908006,2
290909008,2
290910003,2
290910019,2
290910013,2
290910014,2
290911020,2
290911006,2
290912016,2
290912017,2
290912019,2
290913011,2
290913018,2
290913009,2
290913013,2
290916003,3
290916006,3
290917016,3
290917017,3
290918020,3
290918014,3
290919005,3
290919011,3
290920014,3
290921011,3
290923003,3
290923006,3
290925005,3
290925011,3
290926005,3
290926011,3
290929011,3
291001011,3
291004005,3
291007005,3
291009011,3
280430019,1
280501008,1
280501017,1
280502013,1
280503019,1
280503020,1
280504018,1
280505016,1
280507005,1
280508009,1
280508019,1
280509018,1
280510014,1
280511008,1
280511011,1
280512017,1
280513016,1
280517003,2
280517011,2
280517018,2
280517005,2
280517013,2
280517014,2
280518009,2
280518008,2
280520017,2
280520014,2
280521003,2
280522009,2
280522019,2
280522011,2
280523020,2
280524017,2
280524018,2
280525020,2
280525016,2
280525003,2
280527016,2
280527018,2
280527004,2
280529005,2
280529019,2
280530018,2
280530013,2
280530014,2
280531016,2
280531005,2
280531008,2
280601019,2
280601014,2
280603020,2
280603009,2
280603019,2
280603004,2
280603011,2
280604003,2
280606018,2
280606009,2
280606020,2
280606017,2
280606013,2
280606006,2
280607005,2
280607019,2
280607014,2
280608018,2
280608009,2
280608008,2
280610008,2
280611016,2
280611020,2
280611017,2
280611014,2
280611006,2
280612008,2
280613020,2
280613017,2
280613019,2
280613006,2
280614011,2
280614009,2
280614004,2
280614013,2
280615005,2
280616004,2
280616014,2
280618005,2
280618020,2
280618004,2
280618011,2
280618006,2
280620016,2
280620003,2
280620017,2
280620011,2
280620013,2
280620014,2
280621008,2
280622020,2
280622009,2
280622013,2
280622006,2
280624005,2
280624016,2
280624018,2
280624008,2
280624017,2
280624006,2
280626009,2
280626003,2
280626008,2
280626004,2
280626019,2
280626006,2
280627018,2
280628017,2
280628019,2
280628004,2
280628013,2
280629018,2
280629003,2
280629014,2
280701006,2
280701018,2
280701020,2
280701008,2
280701017,2
280701013,2
280702005,2
280703020,2
280703017,2
280703014,2
280703006,2
280705004,2
280705005,2
280705020,2
280705011,2
280705014,2
280706016,2
280706006,2
280708011,2
280708016,2
280708003,2
280708017,2
280708013,2
280709008,2
280709006,2
280710014,2
280710019,2
280710013,2
280711003,2
280711017,2
280712005,2
280712009,2
280712008,2
280712013,2
280712014,2
280713016,2
280713019,2
280714006,2
280715018,2
280715011,2
280716003,2
280716005,2
280717004,2
280717009,2
280717011,2
280718005,2
280718016,2
280718019,2
280718013,2
280719009,2
280719017,2
280719004,2
280719011,2
280720018,2
280720016,2
280720003,2
280722020,2
280722008,2
280722003,2
280722019,2
280722004,2
280723016,2
280724017,2
280724013,2
280724005,2
280724018,2
280724004,2
280725009,2
280725020,2
280725008,2
280725011,2
280726004,2
280726013,2
280727020,2
280727016,2
280727003,2
280727008,2
280727011,2
280727014,2
280828005,2
280828009,2
280828011,2
280828014,2
280828006,2
280829016,2
280829003,2
280829020,2
280830005,2
280830008,2
280830013,2
280830006,2
280831018,2
280831019,2
280901006,2
280902016,2
280902020,2
280902004,2
280903011,2
280904019,2
280905018,2
280905003,2
280905009,2
280905017,2
280905011,2
280906016,2
280906004,2
280906014,2
280907009,2
280907018,2
280907011,2
280907013,2
280908020,2
280909003,2
280909009,2
280909008,2
280909019,2
280909004,2
280909013,2
280911005,2
280911003,2
280911017,2
280911006,2
280912008,2
280912004,2
280912019,2
280912014,2
280913018,2
280913017,2
280914005,2
280914009,2
280914016,2
280914019,2
280914006,2
280915004,2
280918009,3
280918013,3
280919005,3
280919006,3
280920018,3
280920017,3
280921003,3
280921014,3
280922018,3
280922017,3
280923003,3
280923014,3
280925006,3
280926009,3
280927017,3
280928003,3
280928017,3
280929003,3
281001017,3
281003017,3
281005003,3
270502019,1
270504004,1
270504019,1
270505018,1
270505005,1
270505017,1
270506003,1
270508011,1
270508018,1
270510005,1
270511014,1
270512009,1
270513003,1
270513008,1
270513013,1
270514004,1
270515017,1
270515019,1
270519003,2
270519016,2
270519005,2
270519011,2
270519014,2
270520009,2
270520008,2
270522003,2
270522016,2
270522019,2
270523017,2
270523014,2
270524009,2
270524005,2
270525008,2
270525017,2
270525011,2
270526018,2
270529008,2
270529004,2
270529011,2
270530003,2
270531017,2
270531019,2
270601016,2
270601008,2
270602018,2
270602004,2
270602013,2
270602014,2
270603009,2
270603005,2
270603019,2
270605009,2
270605013,2
270605011,2
270606005,2
270607011,2
270607013,2
270608016,2
270608009,2
270608004,2
270608006,2
270609017,2
270609013,2
270609014,2
270610018,2
270610005,2
270611004,2
270612009,2
270612019,2
270613005,2
270613016,2
270613008,2
270613006,2
270615005,2
270615016,2
270615003,2
270615019,2
270615014,2
270616003,2
270616008,2
270616017,2
270616013,2
270617018,2
270618006,2
270619019,2
270620018,2
270620017,2
270620004,2
270620011,2
270620014,2
270622005,2
270622009,2
270622008,2
270622004,2
270622011,2
270622006,2
270623018,2
270623019,2
270623013,2
270624009,2
270624011,2
270624006,2
270626018,2
270626004,2
270626013,2
270626014,2
270627003,2
270627006,2
270628004,2
270629016,2
270629018,2
270629017,2
270629013,2
270629006,2
270630004,2
270701016,2
270701003,2
270701013,2
270701014,2
270701006,2
270703016,2
270703008,2
270703014,2
270705006,2
270706003,2
270706008,2
270706004,2
270706011,2
270707017,2
270707019,2
270707006,2
270708009,2
270708003,2
270708005,2
270708008,2
270710006,2
270710003,2
270710016,2
270710004,2
270711014,2
270711011,2
270712004,2
270712005,2
270712019,2
270712013,2
270715098,2
270717018,2
270717011,2
270717006,2
270718016,2
270718003,2
270718005,2
270720005,2
270720018,2
270720009,2
270720008,2
270720017,2
270720011,2
270721003,2
270721019,2
270722009,2
270722018,2
270722019,2
270722011,2
270724005,2
270724016,2
270724018,2
270724013,2
270725008,2
270726013,2
270726018,2
270726003,2
270727008,2
270727017,2
270727019,2
270727014,2
270728016,2
270729009,2
270729003,2
270729019,2
270729011,2
270729013,2
270729014,2
270731005,2
270731018,2
270731009,2
270731017,2
270731004,2
270731014,2
270802009,2
270802017,2
270803016,2
270803004,2
270803019,2
270803013,2
270804018,2
270804008,2
270804017,2
270804014,2
270805016,2
270805005,2
270807017,2
270807018,2
270807008,2
270807019,2
270807004,2
270807006,2
270809003,2
270809017,2
270809011,2
270809006,2
270810004,2
270811003,2
270811017,2
270811019,2
270811011,2
270811014,2
270812009,2
270812013,2
270812006,2
270814016,2
270814003,2
270814019,2
270814014,2
270814006,2
270815005,2
270815013,2
270816016,2
270816008,2
270816004,2
270817009,2
270817017,2
270817013,2
270817014,2
270819018,2
270819009,2
270819005,2
270819008,2
270819011,2
270819006,2
270823018,3
270823013,3
270824009,3
270824014,3
270825017,3
270825005,3
270826003,3
270826011,3
270827005,3
270827017,3
270828003,3
270830017,3
270831005,3
270901011,3
270902003,3
270903003,3
270905003,3
270908003,3
270911011,3
270913011,3
270916003,3
260503004,1
260504013,1
260506001,1
260506017,1
260507018,1
260507014,1
260509001,1
260509019,1
260509013,1
260511005,1
260511003,1
260512017,1
260512019,1
260513009,1
260513016,1
260513008,1
260513011,1
260516004,1
260520013,2
260520001,2
260520005,2
260520018,2
260521004,2
260521014,2
260523001,2
260523016,2
260523017,2
260523019,2
260523008,2
260523014,2
260524003,2
260525001,2
260525017,2
260525011,2
260525013,2
260526019,2
260527018,2
260527016,2
260530005,2
260530019,2
260531008,2
260531004,2
260531011,2
260531013,2
260601001,2
260601003,2
260602008,2
260602004,2
260602013,2
260602014,2
260603009,2
260603016,2
260603018,2
260604004,2
260604019,2
260604014,2
260606016,2
260606011,2
260607009,2
260607005,2
260607014,2
260607006,2
260609001,2
260609018,2
260609017,2
260609004,2
260609011,2
260609006,2
260610017,2
260610013,2
260611018,2
260611005,2
260611008,2
260613016,2
260613009,2
260613006,2
260614008,2
260614004,2
260615001,2
260615019,2
260616003,2
260616009,2
260616017,2
260616011,2
260617013,2
260617016,2
260617003,2
260617019,2
260617006,2
260618005,2
260618008,2
260618006,2
260620001,2
260621005,2
260621009,2
260621013,2
260621014,2
260621006,2
260622001,2
260622018,2
260623004,2
260623019,2
260623011,2
260623013,2
260623014,2
260624003,2
260624008,2
260625003,2
260625004,2
260625016,2
260625011,2
260625013,2
260625006,2
260627016,2
260627018,2
260627009,2
260627017,2
260627014,2
260628011,2
260628006,2
260629004,2
260629005,2
260629019,2
260629013,2
260630018,2
260630009,2
260630006,2
260701001,2
260701005,2
260701017,2
260701014,2
260701006,2
260702004,2
260702011,2
260703006,2
260705008,2
260705006,2
260706018,2
260706003,2
260706009,2
260707016,2
260707008,2
260707017,2
260707019,2
260707006,2
260708018,2
260708006,2
260709009,2
260709016,2
260709004,2
260709008,2
260709013,2
260709014,2
260712098,2
260714001,2
260714019,2
260714011,2
260714014,2
260715013,2
260715001,2
260716003,2
260716005,2
260716008,2
260716019,2
260716011,2
260716014,2
260718005,2
260718014,2
260718017,2
260718006,2
260719016,2
260719003,2
260719008,2
260720001,2
260720013,2
260720018,2
260720004,2
260721003,2
260721017,2
260722001,2
260722005,2
260722003,2
260722009,2
260722008,2
260722017,2
260723016,2
260724009,2
260725001,2
260725005,2
260725018,2
260725019,2
260725004,2
260725011,2
260726003,2
260726017,2
260727016,2
260727008,2
260727004,2
260728018,2
260728017,2
260728019,2
260728014,2
260729001,2
260729005,2
260730009,2
260730018,2
260730011,2
260730019,2
260730016,2
260730013,2
260730014,2
260801016,2
260801018,2
260801003,2
260801008,2
260801017,2
260801019,2
260801013,2
260803005,2
260803018,2
260803009,2
260803017,2
260803011,2
260803014,2
260804008,2
260804019,2
260805005,2
260805009,2
260805011,2
260805013,2
260805014,2
260806003,2
260806004,2
260806008,2
260808001,2
260808016,2
260808003,2
260808009,2
260808019,2
260808011,2
260809006,2
260809005,2
260810003,2
260810017,2
260810004,2
260810013,2
260811016,2
260811018,2
260811009,2
260812004,2
260812001,2
260812017,2
260813003,2
260813009,2
260813005,2
260813006,2
260813011,2
260817005,3
260817004,3
260818016,3
260818014,3
260819013,3
260819003,3
260820018,3
260820006,3
260822006,3
260824003,3
260824013,3
260826018,3
260826006,3
260827018,3
260830003,3
260901003,3
260903013,3
260906013,3
260909003,3
250501018,1
250503005,1
250506017,1
250506004,1
250507009,1
250507008,1
250508018,1
250510016,1
250510005,1
250512001,1
250512004,1
250512013,1
250514008,1
250514014,1
250515003,1
250515011,1
250516001,1
250521003,2
250521014,2
250521001,2
250521017,2
250521011,2
250522009,2
250522016,2
250522005,2
250522004,2
250524003,2
250524005,2
250525008,2
250526001,2
250526016,2
250526009,2
250527017,2
250527014,2
250528018,2
250528001,2
250529004,2
250529008,2
250529014,2
250531006,2
250601016,2
250601005,2
250602017,2
250602011,2
250603016,2
250603003,2
250604004,2
250604013,2
250604018,2
250604008,2
250604014,2
250605009,2
250607017,2
250607018,2
250607004,2
250607013,2
250608003,2
250608006,2
250610016,2
250610003,2
250610005,2
250610004,2
250610013,2
250611008,2
250611017,2
250611006,2
250612009,2
250612001,2
250613013,2
250615011,2
250615005,2
250615014,2
250615006,2
250616001,2
250617013,2
250618009,2
250618016,2
250618018,2
250618017,2
250618006,2
250620006,2
250621016,2
250621009,2
250622008,2
250622014,2
250623001,2
250624003,2
250624005,2
250624013,2
250624006,2
250625004,2
250625001,2
250625011,2
250626003,2
250626016,2
250626008,2
250628001,2
250628018,2
250628005,2
250628008,2
250628004,2
250630016,2
250630018,2
250630009,2
250630017,2
250701003,2
250702004,2
250702017,2
250702006,2
250703014,2
250705003,2
250705017,2
250705006,2
250706011,2
250707001,2
250707016,2
250707009,2
250707005,2
250709099,2
250712004,2
250712006,2
250713008,2
250713005,2
250713014,2
250713011,2
250714013,2
250715009,2
250715018,2
250715005,2
250715011,2
250715014,2
250716013,2
250716006,2
250717001,2
250717003,2
250717008,2
250719001,2
250719006,2
250719004,2
250719008,2
250719014,2
250720003,2
250721004,2
250721005,2
250721011,2
250722018,2
250722013,2
250723004,2
250723014,2
250723001,2
250723017,2
250724008,2
250724013,2
250726016,2
250726018,2
250726017,2
250726011,2
250726013,2
250727009,2
250728016,2
250728018,2
250729005,2
250729008,2
250729013,2
250729014,2
250730018,2
250730004,2
250731009,2
250731003,2
250731013,2
250731014,2
250802009,2
250802004,2
250802016,2
250802017,2
250803011,2
250804001,2
250804005,2
250805017,2
250805011,2
250806001,2
250806005,2
250806009,2
250807008,2
250807003,2
250807016,2
250807013,2
250809018,2
250809003,2
250809008,2
250809014,2
250810009,2
250811016,2
250811003,2
250811017,2
250812001,2
250812008,2
250812011,2
250813017,2
250813006,2
250814004,2
250814009,2
250814018,2
250814011,2
250816009,2
250816008,2
250816011,2
250816006,2
250818018,2
250818005,2
250818004,2
250818013,2
250818014,2
250819011,2
250819006,2
250820013,2
250820018,2
250820005,2
250821003,2
250821011,2
250821006,2
250823001,2
250823016,2
250823018,2
250823017,2
250823006,2
250823013,2
250825003,2
250825009,2
250825011,2
250825014,2
250826018,2
250826017,2
250827001,2
250827016,2
250827014,2
250827005,2
250827008,2
250827004,2
250830009,3
250830004,3
250831003,3
250831006,3
250901005,3
250901014,3
250902018,3
250902013,3
250903014,3
250908005,3
250908004,3
250910018,3
250910013,3
250914018,3
250915018,3
250918013,3
250920013,3
240520004,2
240520011,2
240520014,2
240521001,2
240521005,2
240522018,2
240522016,2
240522017,2
240522013,2
240522014,2
240523009,2
240523005,2
240525016,2
240525018,2
240526009,2
240526017,2
240527018,2
240528001,2
240528008,2
240528017,2
240528011,2
240529003,2
240530004,2
240530008,2
240601001,2
240601017,2
240601011,2
240601006,2
240602003,2
240603013,2
240603018,2
240603008,2
240603004,2
240603014,2
240604016,2
240605004,2
240605005,2
240605008,2
240605017,2
240605013,2
240606018,2
240609011,2
240609005,2
240609004,2
240609006,2
240611016,2
240611009,2
240611011,2
240611014,2
240611006,2
240612003,2
240612017,2
240612013,2
240613016,2
240614006,2
240615001,2
240615009,2
240616005,2
240617016,2
240617008,2
240618018,2
240618004,2
240618011,2
240619013,2
240619005,2
240619008,2
240619017,2
240620001,2
240620018,2
240622003,2
240622009,2
240622005,2
240622011,2
240622014,2
240623001,2
240624017,2
240624011,2
240625018,2
240625005,2
240625013,2
240626001,2
240626011,2
240626014,2
240627004,2
240627003,2
240627008,2
240627013,2
240629003,2
240629017,2
240629006,2
240630018,2
240630008,2
240701001,2
240701016,2
240701013,2
240701014,2
240702006,2
240703005,2
240703008,2
240703004,2
240703014,2
240706018,2
240706003,2
240706009,2
240707016,2
240707006,2
240708001,2
240708005,2
240708009,2
240709018,2
240709008,2
240709017,2
240710003,2
240710001,2
240710004,2
240711009,2
240711005,2
240711008,2
240712003,2
240712014,2
240714008,2
240714005,2
240715016,2
240715013,2
240715009,2
240715004,2
240715017,2
240716005,2
240717004,2
240717014,2
240717006,2
240718003,2
240718009,2
240718011,2
240718013,2
240719006,2
240720001,2
240721003,2
240721011,2
240721006,2
240722014,2
240722018,2
240722013,2
240723016,2
240723003,2
240723006,2
240724018,2
240724001,2
240724009,2
240724011,2
240724014,2
240725013,2
240727004,2
240728016,2
240728005,2
240728008,2
240729013,2
240730016,2
240730003,2
240730008,2
240730017,2
240731004,2
240731009,2
240731017,2
240731013,2
240801016,2
240801003,2
240801014,2
240805096,2
240901001,2
240901016,2
240901003,2
240901004,2
240901006,2
240901014,2
240902009,2
240902013,2
240903018,2
240903008,2
240903004,2
240903006,2
240904001,2
240904005,2
240904017,2
240904011,2
240907016,2
240908008,2
240908011,2
240908014,2
240909001,2
240909016,2
240909017,2
240909006,2
240910009,2
240910005,2
240910008,2
240911001,2
240911011,2
240912016,2
240912018,2
240912006,2
240912009,2
240913005,2
240914003,2
240914004,2
240914006,2
240915001,2
240915017,2
240915014,2
240916009,2
240916004,2
240917018,2
240917017,2
240917011,2
240917006,2
240918013,2
240918014,2
240919018,2
240919003,2
240919009,2
240919011,2
240919013,2
240924003,3
240924013,3
240925016,3
240925008,3
240926009,3
240926006,3
240927018,3
240927014,3
240928009,3
240928006,3
240929018,3
241001009,3
241001013,3
241003018,3
241003014,3
241005014,3
241008018,3
241010014,3
241012014,3
230522004,2
230522011,2
230523001,2
230524018,2
230524008,2
230524017,2
230524011,2
230527002,2
230528008,2
230528011,2
230529001,2
230530004,2
230530017,2
230530013,2
230530014,2
230531002,2
230531005,2
230531003,2
230601017,2
230601009,2
230601008,2
230603004,2
230603014,2
230604001,2
230605003,2
230605017,2
230605006,2
230606001,2
230606016,2
230606008,2
230607002,2
230607018,2
230607005,2
230607017,2
230607013,2
230607014,2
230610016,2
230610009,2
230610004,2
230610014,2
230610006,2
230612011,2
230612013,2
230612006,2
230613018,2
230614009,2
230614016,2
230614002,2
230614017,2
230614011,2
230614013,2
230614014,2
230617011,2
230617003,2
230617009,2
230617005,2
230617008,2
230618016,2
230618018,2
230619006,2
230620001,2
230620002,2
230620003,2
230620005,2
230620017,2
230621008,2
230621004,2
230621011,2
230621013,2
230622009,2
230622018,2
230622014,2
230624016,2
230624003,2
230624004,2
230624013,2
230625009,2
230625001,2
230626017,2
230626018,2
230627002,2
230627009,2
230627008,2
230628004,2
230628001,2
230628003,2
230628005,2
230628006,2
230629016,2
230629002,2
230630001,2
230701004,2
230701003,2
230701009,2
230702018,2
230702005,2
230702013,2
230703003,2
230703014,2
230704018,2
230705001,2
230705008,2
230705004,2
230705017,2
230705006,2
230706018,2
230706005,2
230707016,2
230707006,2
230708003,2
230708008,2
230708004,2
230709016,2
230710013,2
230710011,2
230710001,2
230710005,2
230710008,2
230712098,2
230715002,2
230715009,2
230715014,2
230715006,2
230716008,2
230716005,2
230717016,2
230717002,2
230717018,2
230717017,2
230718003,2
230718009,2
230718006,2
230719002,2
230719017,2
230719011,2
230719013,2
230720009,2
230720001,2
230720008,2
230720006,2
230722006,2
230722003,2
230723018,2
230723014,2
230723005,2
230724001,2
230724006,2
230724016,2
230724013,2
230725008,2
230725014,2
230726002,2
230726004,2
230726018,2
230726005,2
230726013,2
230727003,2
230727017,2
230729002,2
230729016,2
230729004,2
230729011,2
230730006,2
230731013,2
230731014,2
230801002,2
230801018,2
230801009,2
230801017,2
230802003,2
230802008,2
230802004,2
230802006,2
230803016,2
230803009,2
230803018,2
230803013,2
230804008,2
230805009,2
230805018,2
230805004,2
230806016,2
230806011,2
230806014,2
230807001,2
230807005,2
230807017,2
230808003,2
230808011,2
230808014,2
230809001,2
230809016,2
230809005,2
230809017,2
230809013,2
230810002,2
230810003,2
230810004,2
230812018,2
230812005,2
230812014,2
230813011,2
230814001,2
230814002,2
230814008,2
230814009,2
230815011,2
230815013,2
230816004,2
230816009,2
230816016,2
230816005,2
230816017,2
230816011,2
230817002,2
230817014,2
230818009,2
230819002,2
230819004,2
230820001,2
230820017,2
230820011,2
230821003,2
230821016,2
230821013,2
230821006,2
230822018,2
230822009,2
230822011,2
230823016,2
230823005,2
230823008,2
230823013,2
230823014,2
230823006,2
230824001,2
230825002,2
230825003,2
230825005,2
230825006,2
230825014,2
230828018,3
230828008,3
230829002,3
230829013,3
230830001,3
230830006,3
230831003,3
230831004,3
230901006,3
230902003,3
230902004,3
230905018,3
230905013,3
230907003,3
230907006,3
230908006,3
230912006,3
230914003,3
230916003,3
220509011,1
220510016,1
220511010,1
220511008,1
220511006,1
220511013,1
220512011,1
220513003,1
220515005,1
220515004,1
220515015,1
220517003,1
220518009,1
220518013,1
220518001,1
220518007,1
220519014,1
220519010,1
220519012,1
220520001,1
220521008,1
220521004,1
220522007,1
220523002,1
220523015,1
220523014,1
220525006,2
220525008,2
220527004,2
220528007,2
220529004,2
220529012,2
220530007,2
220530010,2
220530015,2
220530014,2
220601002,2
220601016,2
220601001,2
220601005,2
220601011,2
220601013,2
220602009,2
220602012,2
220602003,2
220603001,2
220603011,2
220603006,2
220604007,2
220604015,2
220604014,2
220605009,2
220605005,2
220606002,2
220606012,2
220606014,2
220607016,2
220608010,2
220608005,2
220608008,2
220608015,2
220609004,2
220609016,2
220609003,2
220609011,2
220609014,2
220611015,2
220611007,2
220611010,2
220611008,2
220611004,2
220611014,2
220611006,2
220613001,2
220613016,2
220613008,2
220613011,2
220613013,2
220614002,2
220614011,2
220615013,2
220615010,2
220615005,2
220615004,2
220615015,2
220615012,2
220616009,2
220618007,2
220618016,2
220618009,2
220618015,2
220618011,2
220618012,2
220618014,2
220619001,2
220619002,2
220620012,2
220620013,2
220621007,2
220621003,2
220621002,2
220621004,2
220621014,2
220621006,2
220622013,2
220622001,2
220623010,2
220623016,2
220623012,2
220623011,2
220623014,2
220625002,2
220625009,2
220625008,2
220625015,2
220625013,2
220625006,2
220626003,2
220626011,2
220626012,2
220627002,2
220627014,2
220627006,2
220628003,2
220628009,2
220628004,2
220628005,2
220628011,2
220628012,2
220629008,2
220630016,2
220630003,2
220630006,2
220630009,2
220630007,2
220630002,2
220701001,2
220701008,2
220702002,2
220702009,2
220703001,2
220703007,2
220703010,2
220703008,2
220703015,2
220705007,2
220705002,2
220705015,2
220705006,2
220706001,2
220706010,2
220706005,2
220706004,2
220707007,2
220707006,2
220707012,2
220708009,2
220708010,2
220708005,2
220708015,2
220709001,2
220709016,2
220709004,2
220710003,2
220710005,2
220710008,2
220711013,2
220711011,2
220711014,2
220712003,2
220712010,2
220712005,2
220712012,2
220712013,2
220712014,2
220713016,2
220713015,2
220713001,2
220713007,2
220715098,2
220717007,2
220717012,2
220717001,2
220717005,2
220717008,2
220717015,2
220718016,2
220718009,2
220719001,2
220719010,2
220719005,2
220719008,2
220719012,2
220719014,2
220720002,2
220720016,2
220720003,2
220720014,2
220721011,2
220721013,2
220722009,2
220722005,2
220722006,2
220723007,2
220723003,2
220723004,2
220724002,2
220724006,2
220724008,2
220725001,2
220725003,2
220725010,2
220725004,2
220725013,2
220726005,2
220726015,2
220727001,2
220727016,2
220727011,2
220727012,2
220728009,2
220728006,2
220728002,2
220728003,2
220728013,2
220729011,2
220730016,2
220730004,2
220730013,2
220730006,2
220731014,2
220731015,2
220731011,2
220801003,2
220801010,2
220801013,2
220801006,2
220802009,2
220802016,2
220802008,2
220803013,2
220803002,2
220803005,2
220803004,2
220804007,2
220804001,2
220804008,2
220804003,2
220804010,2
220804006,2
220806016,2
220806003,2
220806009,2
220806004,2
220806012,2
220806013,2
220807005,2
220807011,2
220808009,2
220808010,2
220808006,2
220809016,2
220809003,2
220809007,2
220809008,2
220809015,2
220809014,2
220810004,2
220811009,2
220811010,2
220811008,2
220811002,2
220811005,2
220811014,2
220811012,2
220812015,2
220813001,2
220813002,2
220813007,2
220813010,2
220813004,2
220813011,2
220813013,2
220815016,3
220815014,3
220816005,3
220816015,3
220817001,3
220817006,3
220818009,3
220818004,3
220820009,3
220820004,3
220822016,3
220822015,3
220824006,3
220824009,3
220825009,3
220829009,3
220831006,3
210510014,1
210512001,1
210512004,1
210512006,1
210513011,1
210516003,1
210516010,1
210516011,1
210516012,1
210516014,1
210518001,1
210518008,1
210518013,1
210519009,1
210519007,1
210520016,1
210522010,1
210522005,1
210522015,1
210522012,1
210524009,1
210524013,1
210524004,1
210524015,1
210525007,1
210526002,1
210526008,1
210528004,2
210530011,2
210531002,2
210531007,2
210531005,2
210531012,2
210531014,2
210601010,2
210602009,2
210602001,2
210602003,2
210602008,2
210602015,2
210602013,2
210603016,2
210604005,2
210604009,2
210604012,2
210605007,2
210605016,2
210605003,2
210605015,2
210605011,2
210605006,2
210607002,2
210607004,2
210607015,2
210607013,2
210607014,2
210609002,2
210609010,2
210609008,2
210609015,2
210609013,2
210610011,2
210610016,2
210611004,2
210612007,2
210612009,2
210612008,2
210612011,2
210612012,2
210612014,2
210614001,2
210614003,2
210614004,2
210614013,2
210614014,2
210614006,2
210616002,2
210616009,2
210616001,2
210616005,2
210616011,2
210616013,2
210616014,2
210617004,2
210617016,2
210617007,2
210617003,2
210617006,2
210618005,2
210618014,2
210619004,2
210619012,2
210619013,2
210619006,2
210621016,2
210621004,2
210621015,2
210621011,2
210622002,2
210622005,2
210622008,2
210622011,2
210622012,2
210623004,2
210623003,2
210623010,2
210623015,2
210624009,2
210624007,2
210624001,2
210624004,2
210625010,2
210625016,2
210625015,2
210626002,2
210626003,2
210627007,2
210627001,2
210627010,2
210627005,2
210627004,2
210628008,2
210628013,2
210629007,2
210629016,2
210629003,2
210629005,2
210630009,2
210630001,2
210630008,2
210630014,2
210701016,2
210701005,2
210701002,2
210701006,2
210702009,2
210702004,2
210702015,2
210703001,2
210703008,2
210703014,2
210703006,2
210704011,2
210704012,2
210705006,2
210706003,2
210706010,2
210706008,2
210706004,2
210706015,2
210706012,2
210707001,2
210707007,2
210707011,2
210708004,2
210708010,2
210708005,2
210708006,2
210708012,2
210709009,2
210710002,2
210710010,2
210710008,2
210710015,2
210710013,2
210711016,2
210711009,2
210711005,2
210711011,2
210712001,2
210712012,2
210712013,2
210713002,2
210713003,2
210713009,2
210713005,2
210713014,2
210714016,2
210714015,2
210714001,2
210714007,2
210714008,2
210716098,2
210718003,2
210718007,2
210718010,2
210718005,2
210718008,2
210719002,2
210719011,2
210719013,2
210720007,2
210720001,2
210720005,2
210720014,2
210721011,2
210721002,2
210721010,2
210721006,2
210721013,2
210722009,2
210722016,2
210722012,2
210723008,2
210724001,2
210724010,2
210724004,2
210724012,2
210724014,2
210725002,2
210725006,2
210726001,2
210726015,2
210726011,2
210727002,2
210727007,2
210727008,2
210727013,2
210727014,2
210728004,2
210728003,2
210728005,2
210728015,2
210728012,2
210729016,2
210729013,2
210729003,2
210730002,2
210730004,2
210730012,2
210730006,2
210731001,2
210801009,2
210801010,2
210801005,2
210801004,2
210801011,2
210802006,2
210803007,2
210803016,2
210803008,2
210803004,2
210803013,2
210803014,2
210804009,2
210804001,2
210804003,2
210804015,2
210804006,2
210805010,2
210805007,2
210805008,2
210806016,2
210806004,2
210806006,2
210807013,2
210807003,2
210807010,2
210808002,2
210808016,2
210808009,2
210808012,2
210808014,2
210808006,2
210810002,2
210810007,2
210810003,2
210810009,2
210810015,2
210810014,2
210811006,2
210811001,2
210811010,2
210811011,2
210811013,2
210812016,2
210812005,2
210812008,2
210812012,2
210813004,2
210813015,2
210814007,2
210814003,2
210814010,2
210814009,2
210814012,2
210814011,2
210814014,2
210816001,3
210817007,3
210817015,3
210818002,3
210818004,3
210819009,3
210819013,3
210820002,3
210820006,3
210821009,3
210824001,3
210824013,3
210826009,3
210826006,3
210827009,3
210827006,3
210830001,3
210901006,3
210902006,3